{
  "rmse": 1.0161827914464574,
  "mae": 0.8119296285104932,
  "precision_recall_f1": {
    "5": {
      "Precision": 0.6793126459793126,
      "Recall": 0.39330218398228367,
      "F1": 0.4981753744352266
    },
    "10": {
      "Precision": 0.6071905238571905,
      "Recall": 0.5956497523046447,
      "F1": 0.6013647735364025
    }
  }
}