{
  "rmse": 0.8783851612324959,
  "mae": 0.6902116038110034,
  "precision_recall_f1": {
    "5": {
      "Precision": 0.7916916916916916,
      "Recall": 0.4404475279301779,
      "F1": 0.5660052742992436
    },
    "10": {
      "Precision": 0.6866199532866201,
      "Recall": 0.6387475130482461,
      "F1": 0.6618191538742977
    }
  }
}