{
  "best_alpha": 0.1,
  "rmse": 0.8767905187840066,
  "mae": 0.6918677352815797,
  "precision_recall_f1": {
    "5": {
      "Precision": 0.7928595261928595,
      "Recall": 0.44068706453942436,
      "F1": 0.5665014030522029
    },
    "10": {
      "Precision": 0.686986986986987,
      "Recall": 0.6389626584756105,
      "F1": 0.6621051305311232
    }
  }
}